"L_RETURNFLAG","L_LINESTATUS","_col2","_col3","_col4","_col5","_col6","_col7","_col8","_col9"
"A","F","377518399","5660659570.99","5660659570.9900","5660659570.990000","25.500975103007097","382.37","0.00","14804077"
"N","F","9851614","147674444.59","147674444.5900","147674444.590000","25.522448302840946","382.58","0.00","385998"
"N","O","743124873","11143027394.94","11143027394.9400","11143027394.940000","25.498075870689316","382.34","0.00","29144351"
"R","F","377732830","5664312858.50","5664312858.5000","5664312858.500000","25.50838478968014","382.51","0.00","14808183"
