"L_RETURNFLAG","L_LINESTATUS","_col2","_col3","_col4","_col5","_col6","_col7","_col8","_col9"
"A","F","3775127758","5660776097194.45","5377736398183.9374","5592847429515.927026","25.499370423275426","38236.12","0.05","148047881"
"N","F","98553062","147771098385.98","140384965965.0348","145999793032.775829","25.501556956882876","38237.20","0.05","3864590"
"N","O","7436302976","11150725681373.59","10593195308234.8523","11016932248183.655467","25.500009404374193","38237.23","0.05","291619617"
"R","F","3775724970","5661603032745.34","5378513563915.4097","5593662252666.916161","25.50006628406532","38236.70","0.05","148067261"
