"L_RETURNFLAG","L_LINESTATUS","_col2","_col3","_col4","_col5","_col6","_col7","_col8","_col9"
"A","F","37734107","56586554400.73","53758257134.8700","55909065222.827692","25.522005853257337","38273.13","0.05","1478493"
"N","F","991417","1487504710.38","1413082168.0541","1469649223.194375","25.516471920522985","38284.47","0.05","38854"
"N","O","74476040","111701729697.74","106118230307.6056","110367043872.497010","25.50222676958499","38249.12","0.05","2920374"
"R","F","37719753","56568041380.90","53741292684.6040","55889619119.831932","25.50579361269077","38250.85","0.05","1478870"
