"L_RETURNFLAG","L_LINESTATUS","_col2","_col3","_col4","_col5","_col6","_col7","_col8","_col9"
"A","F","377518399","566065727797.25","537759104278.0656","559276670892.116819","25.500975103007097","38237.15","0.05","14804077"
"N","F","9851614","14767438399.17","14028805792.2114","14590490998.366737","25.522448302840946","38257.81","0.05","385998"
"N","O","743124873","1114302286901.88","1058580922144.9638","1100937000170.591854","25.498075870689316","38233.90","0.05","29144351"
"R","F","377732830","566431054976.00","538110922664.7677","559634780885.086257","25.50838478968014","38251.22","0.05","14808183"
